﻿<?xml version="1.0" encoding="utf-8"?>
<ApplicationManifest xmlns:xsd="http://www.w3.org/2001/XMLSchema" xmlns:xsi="http://www.w3.org/2001/XMLSchema-instance" ApplicationTypeName="CodeBlacksType" ApplicationTypeVersion="1.0.0" xmlns="http://schemas.microsoft.com/2011/01/fabric">
   <Parameters>
      <Parameter Name="FrontEnd_InstanceCount" DefaultValue="-1" />
      <Parameter Name="BackEnd_InstanceCount" DefaultValue="-1" />
   </Parameters>
   <ServiceManifestImport>
      <ServiceManifestRef ServiceManifestName="CodeBlacks.FrontEndPkg" ServiceManifestVersion="1.0.0" />
      <ConfigOverrides />
   </ServiceManifestImport>
   <ServiceManifestImport>
      <ServiceManifestRef ServiceManifestName="CodeBlacks.BackEndPkg" ServiceManifestVersion="1.0.0" />
      <ConfigOverrides />
   </ServiceManifestImport>
   <DefaultServices>
      <Service Name="FrontEnd">
         <StatelessService ServiceTypeName="FrontEndType" InstanceCount="[FrontEnd_InstanceCount]">
            <SingletonPartition />
         </StatelessService>
      </Service>
      <Service Name="CharityService">
         <StatelessService ServiceTypeName="CharityServiceType" InstanceCount="[BackEnd_InstanceCount]">
            <SingletonPartition />
         </StatelessService>
      </Service>
   </DefaultServices>
</ApplicationManifest>